# LG_lower and the columns listed in derived_from_LG are FLOAT ESTIMATES, not certified bounds.
# H2plus: validated against certified runs C1/C2 to ~1e-6 -- usable for cell selection.
# H3plus: UNRELIABLE at the 1e-4 level (certified/float ratio 0.9845 at D3a but 2.39 at D1);
#   at d_paper=2.8, L=12, N=64 the float LG_lower -0.93640124532559 exceeds a four-way-verified
#   variational upper bound -0.936444734 by 4.3489e-05, so it is not a bound. DO NOT QUOTE as a width.
# Ritz columns (mu1N_Ritz, lambda1D_Ritz, trunc_gap_discrete, truncation_term, sigma_confinement)
#   do not pass through the Lehmann-Goerisch chain and are unaffected; the L*(N) curve SHAPE stands.
system,d_paper,box,L,Ly,N,Nprime,D,D_aux,npanel,t_star,mu1N_Ritz,eee2_Ritz,lambda1D_Ritz,mu2N_oee_Ritz,eoe_Ritz,rho_used,LG_lower,LG_lower_ideal_rho,enclosure_width,truncation_term,LG_discretisation_term,trunc_gap_discrete,lambda_ref,reference_status,sigma_confinement,hypothesis_holds,max_a_over_L,clearance,moment_tail_bound,tier,status,reason,wall_seconds,LG_lower_status,derived_from_LG
H2plus,2.0,"[-8,8]x[-6.4,6.4]^2",8,6.4,24,,2197,,38,1.0,-0.5554421254859,-0.2326754097644999,-0.5469986912619,,,,,,,,,0.008443434223994,-0.551317,exact_spheroidal,-0.2982749931359,True,0.25,6.0,3.865871383739001e-17,dense,ok,,1.82439494133,no_LG_run__dense_tier_only,enclosure_width; LG_discretisation_term
H2plus,2.0,"[-8,8]x[-6.4,6.4]^2",8,6.4,32,,4913,,38,1.0,-0.5556647586898,-0.2327249643732,-0.5471988025537,,,,,,,,,0.008465956136094,-0.551317,exact_spheroidal,-0.2982749931359,True,0.25,6.0,3.865871383739001e-17,dense,ok,,2.231945991516,no_LG_run__dense_tier_only,enclosure_width; LG_discretisation_term
H2plus,2.0,"[-8,8]x[-6.4,6.4]^2",8,6.4,40,,9261,,38,1.0,-0.5557498752717,-0.2327436831766999,-0.5472785849375,,,,,,,,,0.008471290334137,-0.551317,exact_spheroidal,-0.2982749931359,True,0.25,6.0,3.865871383739001e-17,dense,ok,,7.629444122314,no_LG_run__dense_tier_only,enclosure_width; LG_discretisation_term
H2plus,2.0,"[-8,8]x[-6.4,6.4]^2",8,6.4,48,,15625,,38,1.0,-0.5557892000641999,-0.2327522904931,-0.5473164362703,,,,,,,,,0.0084727637938409,-0.551317,exact_spheroidal,-0.2982749931359,True,0.25,6.0,3.865871383739001e-17,dense,ok,,21.64505696297,no_LG_run__dense_tier_only,enclosure_width; LG_discretisation_term
H2plus,2.0,"[-8,8]x[-6.4,6.4]^2",8,6.4,56,,24389,,38,1.0,-0.5558098185776,-0.2327567877659,-0.5473366452978,,,,,,,,,0.00847317327973,-0.551317,exact_spheroidal,-0.2982749931359,True,0.25,6.0,3.865871383739001e-17,dense,ok,,56.33948516846,no_LG_run__dense_tier_only,enclosure_width; LG_discretisation_term
H2plus,2.0,"[-8,8]x[-6.4,6.4]^2",8,6.4,64,,35937,,38,1.0,-0.5558216526741,-0.232759364917,-0.5473483990373,,,,,,,,,0.008473253636815,-0.551317,exact_spheroidal,-0.2982749931359,True,0.25,6.0,3.865871383739001e-17,dense,ok,,152.290585041,no_LG_run__dense_tier_only,enclosure_width; LG_discretisation_term
H2plus,2.0,"[-10,10]x[-8,8]^2",10,8.0,24,,2197,,48,1.0,-0.5510851363829,-0.2202647022517,-0.5500193373913,,,,,,,,,0.001065798991668,-0.551317,exact_spheroidal,-0.2425356250363,True,0.2,8.0,4.009527226372e-29,dense,ok,,0.6772029399872,no_LG_run__dense_tier_only,enclosure_width; LG_discretisation_term
H2plus,2.0,"[-10,10]x[-8,8]^2",10,8.0,32,48.0,4913,15625.0,48,1.0,-0.5515412066515933,-0.2203259499217847,-0.550463798670437,-0.3367019231893734,,-0.3429276655893733,-0.5522361504663772,-0.5522224266056415,0.0017723517959401,0.0008532013295629,0.0009191504663771,0.0010774079811562,-0.551317,exact_spheroidal,-0.2425356250363329,True,0.2,8.0,4.009527226371595e-29,lg,ok,,13.63549304008484,float_estimate__agrees_with_certified_to_1e-6,enclosure_width; LG_discretisation_term
H2plus,2.0,"[-10,10]x[-8,8]^2",10,8.0,40,,9261,,48,1.0,-0.5516924460454,-0.2203464469282999,-0.5506132939854999,,,,,,,,,0.001079152059955,-0.551317,exact_spheroidal,-0.2425356250363,True,0.2,8.0,4.009527226372e-29,dense,ok,,8.046846866608,no_LG_run__dense_tier_only,enclosure_width; LG_discretisation_term
H2plus,2.0,"[-10,10]x[-8,8]^2",10,8.0,48,64.0,15625,35937.0,48,1.0,-0.551763790405631,-0.2203562309948892,-0.5506773767444744,-0.3369914202628507,,-0.3432171626628509,-0.5519887089158093,-0.5519842614828461,0.0013113321713347,0.0006396232555253,0.0006717089158092,0.0010864136611562,-0.551317,exact_spheroidal,-0.2425356250363329,True,0.2,8.0,4.009527226371595e-29,lg,ok,,91.32450103759763,float_estimate__agrees_with_certified_to_1e-6,enclosure_width; LG_discretisation_term
H2plus,2.0,"[-10,10]x[-8,8]^2",10,8.0,56,,24389,,48,1.0,-0.5518077221549998,-0.2203622376542999,-0.5507150920518,,,,,,,,,0.001092630103214,-0.551317,exact_spheroidal,-0.2425356250363,True,0.2,8.0,4.009527226372e-29,dense,ok,,60.49043488503,no_LG_run__dense_tier_only,enclosure_width; LG_discretisation_term
H2plus,2.0,"[-10,10]x[-8,8]^2",10,8.0,64,,35937,,48,1.0,-0.5518355215618999,-0.2203659987779,-0.5507405804874,,,,,,,,,0.0010949410744699,-0.551317,exact_spheroidal,-0.2425356250363,True,0.2,8.0,4.009527226372e-29,dense,ok,,162.7920238972,no_LG_run__dense_tier_only,enclosure_width; LG_discretisation_term
H2plus,2.0,"[-12,12]x[-9.6,9.6]^2",12,9.6,24,,2197,,58,1.0,-0.5500036065793,-0.2049809067706999,-0.5500761831042,,,,,,,,,-7.257652486280998e-05,-0.551317,exact_spheroidal,-0.2039542541119999,True,0.1666666666666999,9.9999999999996,1.968698953436e-41,dense,ok,,0.7679619789124,no_LG_run__dense_tier_only,enclosure_width; LG_discretisation_term
H2plus,2.0,"[-12,12]x[-9.6,9.6]^2",12,9.6,32,48.0,4913,15625.0,58,1.0,-0.5506964289616832,-0.2050636900832306,-0.5506157911594376,-0.333740321424985,,-0.339966063824985,-0.5522100532169929,-0.5521805836334159,0.0015942620575553,0.0007012088405623,0.0008930532169928,8.063780224576433e-05,-0.551317,exact_spheroidal,-0.2039542541120009,True,0.1666666666666666,10.0,1.9686989534356135e-41,lg,ok,,11.793545961380005,float_estimate__agrees_with_certified_to_1e-6,enclosure_width; LG_discretisation_term
H2plus,2.0,"[-12,12]x[-9.6,9.6]^2",12,9.6,40,,9261,,58,1.0,-0.5510633264430999,-0.2051050325084,-0.5509385084526,,,,,,,,,0.0001248179905583,-0.551317,exact_spheroidal,-0.2039542541119999,True,0.1666666666666999,9.9999999999996,1.968698953436e-41,dense,ok,,8.954619169235,no_LG_run__dense_tier_only,enclosure_width; LG_discretisation_term
H2plus,2.0,"[-12,12]x[-9.6,9.6]^2",12,9.6,48,64.0,15625,35937.0,58,1.0,-0.5511870476171932,-0.2051186288194079,-0.5510679235583786,-0.3341415342983618,,-0.3403672766983618,-0.5515394845756576,-0.5515326115106041,0.0004715610172789,0.0002490764416213,0.0002224845756575,0.0001191240588147,-0.551317,exact_spheroidal,-0.2039542541120009,True,0.1666666666666666,10.0,1.9686989534356135e-41,lg,ok,,89.1044909954071,float_estimate__agrees_with_certified_to_1e-6,enclosure_width; LG_discretisation_term
H2plus,2.0,"[-12,12]x[-9.6,9.6]^2",12,9.6,56,,24389,,58,1.0,-0.5512489612186,-0.2051257012008,-0.5511205730011999,,,,,,,,,0.0001283882173919,-0.551317,exact_spheroidal,-0.2039542541119999,True,0.1666666666666999,9.9999999999996,1.968698953436e-41,dense,ok,,71.7394900322,no_LG_run__dense_tier_only,enclosure_width; LG_discretisation_term
H2plus,2.0,"[-12,12]x[-9.6,9.6]^2",12,9.6,64,80.0,35937,68921.0,58,1.0,-0.5513003808331151,-0.2051314573736207,-0.5511667530791285,-0.3342521072892732,,-0.3404778496892733,-0.5514182890715332,-0.5514159887244618,0.0002515359924044,0.0001502469208712,0.0001012890715332,0.0001336277539866,-0.551317,exact_spheroidal,-0.2039542541120009,True,0.1666666666666666,10.0,1.9686989534356135e-41,lg,ok,,297.5488660335541,float_estimate__agrees_with_certified_to_1e-6,enclosure_width; LG_discretisation_term
H2plus,2.0,"[-14,14]x[-11.2,11.2]^2",14,11.2,24,,2197,,67,1.0,-0.5489325298050999,-0.1935277592829,-0.5491606647911998,,,,,,,,,-0.0002281349861094,-0.551317,exact_spheroidal,-0.1757906384837,True,0.1428571428570999,12.0000000000006,5.941719739612001e-56,dense,ok,,0.8640959262848,no_LG_run__dense_tier_only,enclosure_width; LG_discretisation_term
H2plus,2.0,"[-14,14]x[-11.2,11.2]^2",14,11.2,32,48.0,4913,15625.0,67,1.0,-0.5504308998769984,-0.193696556181354,-0.5504654186877909,-0.3327228002166471,,-0.3389485426166472,-0.5522187262526846,-0.5521840919737389,0.0017533075648935,0.0008515813122087,0.0009017262526845,-3.451881079263863e-05,-0.551317,exact_spheroidal,-0.1757906384836573,True,0.1428571428571427,12.0,5.941719739612334e-56,lg,ok,,11.726778030395508,float_estimate__agrees_with_certified_to_1e-6,enclosure_width; LG_discretisation_term
H2plus,2.0,"[-14,14]x[-11.2,11.2]^2",14,11.2,40,,9261,,67,1.0,-0.5507622428781,-0.193733099953,-0.550799832488,,,,,,,,,-3.758960985345e-05,-0.551317,exact_spheroidal,-0.1757906384837,True,0.1428571428570999,12.0000000000006,5.941719739612001e-56,dense,ok,,9.668621063232,no_LG_run__dense_tier_only,enclosure_width; LG_discretisation_term
H2plus,2.0,"[-14,14]x[-11.2,11.2]^2",14,11.2,48,64.0,15625,35937.0,67,1.0,-0.5510131135538705,-0.1937617469356998,-0.5510051384951736,-0.3335279873694291,,-0.3397537297694291,-0.551533056966894,-0.5515229469487035,0.0005279184717203,0.0003118615048262,0.000216056966894,7.975058696874093e-06,-0.551317,exact_spheroidal,-0.1757906384836573,True,0.1428571428571427,12.0,5.941719739612334e-56,lg,ok,,86.18179392814636,float_estimate__agrees_with_certified_to_1e-6,enclosure_width; LG_discretisation_term
H2plus,2.0,"[-14,14]x[-11.2,11.2]^2",14,11.2,56,,24389,,67,1.0,-0.5511231250032,-0.1937735657474,-0.5511216999025998,,,,,,,,,1.425100575325e-06,-0.551317,exact_spheroidal,-0.1757906384837,True,0.1428571428570999,12.0000000000006,5.941719739612001e-56,dense,ok,,64.4784040451,no_LG_run__dense_tier_only,enclosure_width; LG_discretisation_term
H2plus,2.0,"[-14,14]x[-11.2,11.2]^2",14,11.2,64,80.0,35937,68921.0,67,1.0,-0.5511808746459324,-0.1937801395109564,-0.5511691097204322,-0.3337274505394047,,-0.3399531929394049,-0.5513927107345395,-0.5513885886164664,0.0002236010141072,0.0001478902795677,7.571073453960242e-05,1.1764925500146184e-05,-0.551317,exact_spheroidal,-0.1757906384836573,True,0.1428571428571427,12.0,5.941719739612334e-56,lg,ok,,278.2032279968262,float_estimate__agrees_with_certified_to_1e-6,enclosure_width; LG_discretisation_term
H2plus,2.0,"[-16,16]x[-12.8,12.8]^2",16,12.8,24,,2197,,77,1.0,-0.548307959714,-0.1864670638591,-0.5484619074798999,,,,,,,,,-0.00015394776592,-0.551317,exact_spheroidal,-0.1543768802736,True,0.125,14.0,1.093986873398e-72,dense,ok,,0.9029309749603,no_LG_run__dense_tier_only,enclosure_width; LG_discretisation_term
H2plus,2.0,"[-16,16]x[-12.8,12.8]^2",16,12.8,32,48.0,4913,15625.0,77,1.0,-0.5498685794334257,-0.1866433847495755,-0.5500391320011783,-0.3323183419768666,,-0.3385440843768666,-0.5528671391115205,-0.5528091246439633,0.0028280071103419,0.0012778679988214,0.0015501391115204,-0.0001705525677527,-0.551317,exact_spheroidal,-0.1543768802736094,True,0.125,14.0,1.0939868733979428e-72,lg,ok,,11.440829992294312,float_estimate__agrees_with_certified_to_1e-6,enclosure_width; LG_discretisation_term
H2plus,2.0,"[-16,16]x[-12.8,12.8]^2",16,12.8,40,,9261,,77,1.0,-0.5505359164291999,-0.1867290033956,-0.5505604813162,,,,,,,,,-2.456488699709e-05,-0.551317,exact_spheroidal,-0.1543768802736,True,0.125,14.0,1.093986873398e-72,dense,ok,,8.918579816818,no_LG_run__dense_tier_only,enclosure_width; LG_discretisation_term
H2plus,2.0,"[-16,16]x[-12.8,12.8]^2",16,12.8,48,64.0,15625,35937.0,77,1.0,-0.5508527730963148,-0.1867648699739782,-0.5508902405045856,-0.3333116412909237,,-0.3395373836909237,-0.5516592046215057,-0.5516435373830368,0.0007689641169201,0.0004267594954141,0.000342204621506,-3.7467408271041336e-05,-0.551317,exact_spheroidal,-0.1543768802736094,True,0.125,14.0,1.0939868733979428e-72,lg,ok,,82.38344597816467,float_estimate__agrees_with_certified_to_1e-6,enclosure_width; LG_discretisation_term
H2plus,2.0,"[-16,16]x[-12.8,12.8]^2",16,12.8,56,,24389,,77,1.0,-0.5510130811115999,-0.1867847397267,-0.5510189181758,,,,,,,,,-5.837064217973e-06,-0.551317,exact_spheroidal,-0.1543768802736,True,0.125,14.0,1.093986873398e-72,dense,ok,,69.07480597496,no_LG_run__dense_tier_only,enclosure_width; LG_discretisation_term
H2plus,2.0,"[-16,16]x[-12.8,12.8]^2",16,12.8,64,80.0,35937,68921.0,77,1.0,-0.5511137637876,-0.1867961989435897,-0.5511251820297135,-0.3335770383604166,,-0.3398027807604167,-0.5514153255017958,-0.5514094612692693,0.0002901434720822,0.0001918179702864,9.832550179589283e-05,-1.1418242113481192e-05,-0.551317,exact_spheroidal,-0.1543768802736094,True,0.125,14.0,1.0939868733979428e-72,lg,ok,,282.8921627998352,float_estimate__agrees_with_certified_to_1e-6,enclosure_width; LG_discretisation_term
H2plus,2.0,"[-20,20]x[-16,16]^2",20,16.0,24,,2197,,96,1.0,-0.5463494500937,-0.1808004951778,-0.5469498382027,,,,,,,,,-0.0006003881090341,-0.551317,exact_spheroidal,-0.1240347345892,True,0.1,18.0,8.270326320887002e-113,dense,ok,,0.9441499710083,no_LG_run__dense_tier_only,enclosure_width; LG_discretisation_term
H2plus,2.0,"[-20,20]x[-16,16]^2",20,16.0,32,48.0,4913,15625.0,96,1.0,-0.5485270655919976,-0.181157206607932,-0.5486625320447862,-0.3311053098787046,,-0.3373310522787048,-0.554402800438278,-0.5542896369178772,0.0057402683934917,0.0026544679552137,0.0030858004382781,-0.0001354664527886,-0.551317,exact_spheroidal,-0.1240347345892084,True,0.1,18.0,8.270326320886854e-113,lg,ok,,11.692589044570925,float_estimate__agrees_with_certified_to_1e-6,enclosure_width; LG_discretisation_term
H2plus,2.0,"[-20,20]x[-16,16]^2",20,16.0,40,,9261,,96,1.0,-0.5498277810321,-0.1813192350466,-0.5499722512300999,,,,,,,,,-0.0001444701980364,-0.551317,exact_spheroidal,-0.1240347345892,True,0.1,18.0,8.270326320887002e-113,dense,ok,,9.296733140945,no_LG_run__dense_tier_only,enclosure_width; LG_discretisation_term
H2plus,2.0,"[-20,20]x[-16,16]^2",20,16.0,48,64.0,15625,35937.0,96,1.0,-0.5504842148767386,-0.1814132711229581,-0.5505084906597904,-0.3327902841426332,-0.2145841490459418,-0.3390160265426333,-0.5519173747572585,-0.5518895882747235,0.0014088840974683,0.0008085093402095,0.0006003747572588,-2.42757830517526e-05,-0.551317,exact_spheroidal,-0.1240347345892084,True,0.1,18.0,8.270326320886854e-113,lg_eoe,ok,,88.16920614242554,float_estimate__agrees_with_certified_to_1e-6,enclosure_width; LG_discretisation_term
H2plus,2.0,"[-20,20]x[-16,16]^2",20,16.0,56,,24389,,96,1.0,-0.5506950175925,-0.1814398706105999,-0.5507321543491,,,,,,,,,-3.713675653239e-05,-0.551317,exact_spheroidal,-0.1240347345892,True,0.1,18.0,8.270326320887002e-113,dense,ok,,72.81308794022,no_LG_run__dense_tier_only,enclosure_width; LG_discretisation_term
H2plus,2.0,"[-20,20]x[-16,16]^2",20,16.0,64,80.0,35937,68921.0,96,1.0,-0.5509505956902487,-0.1814736703919467,-0.5509672617594434,-0.3333398828369845,,-0.3395656252369845,-0.5514436009223775,-0.5514340210645026,0.0004763391629341,0.0003497382405565,0.0001266009223775,-1.6666069194704036e-05,-0.551317,exact_spheroidal,-0.1240347345892084,True,0.1,18.0,8.270326320886854e-113,lg,ok,,282.442978143692,float_estimate__agrees_with_certified_to_1e-6,enclosure_width; LG_discretisation_term
H2plus,2.0,"[-24,24]x[-19.2,19.2]^2",24,19.2,24,,2197,,115,1.0,-0.5416683716572,-0.1790905608262,-0.542898959497,,,,,,,,,-0.001230587839818,-0.551317,exact_spheroidal,-0.1036060842595,True,0.0833333333333299,22.00000000000008,8.306363988132998e-162,dense,ok,,1.119776010513,no_LG_run__dense_tier_only,enclosure_width; LG_discretisation_term
H2plus,2.0,"[-24,24]x[-19.2,19.2]^2",24,19.2,32,,4913,,115,1.0,-0.5475652886727999,-0.18004909756,-0.5478029653246,,,,,,,,,-0.0002376766517758,-0.551317,exact_spheroidal,-0.1036060842595,True,0.0833333333333299,22.00000000000008,8.306363988132998e-162,dense,ok,,3.711491107941,no_LG_run__dense_tier_only,enclosure_width; LG_discretisation_term
H2plus,2.0,"[-24,24]x[-19.2,19.2]^2",24,19.2,40,,9261,,115,1.0,-0.548686656611,-0.1802243193381999,-0.5488110676534,,,,,,,,,-0.0001244110423565,-0.551317,exact_spheroidal,-0.1036060842595,True,0.0833333333333299,22.00000000000008,8.306363988132998e-162,dense,ok,,9.213053941727,no_LG_run__dense_tier_only,enclosure_width; LG_discretisation_term
H2plus,2.0,"[-24,24]x[-19.2,19.2]^2",24,19.2,48,,15625,,115,1.0,-0.5498009883155999,-0.1803681611605,-0.5499248089184,,,,,,,,,-0.0001238206028058,-0.551317,exact_spheroidal,-0.1036060842595,True,0.0833333333333299,22.00000000000008,8.306363988132998e-162,dense,ok,,26.32202100754,no_LG_run__dense_tier_only,enclosure_width; LG_discretisation_term
H2plus,2.0,"[-24,24]x[-19.2,19.2]^2",24,19.2,56,,24389,,115,1.0,-0.5504345730666999,-0.1804613303456,-0.5504643400044,,,,,,,,,-2.976693765111e-05,-0.551317,exact_spheroidal,-0.1036060842595,True,0.0833333333333299,22.00000000000008,8.306363988132998e-162,dense,ok,,76.97892093657998,no_LG_run__dense_tier_only,enclosure_width; LG_discretisation_term
H2plus,2.0,"[-24,24]x[-19.2,19.2]^2",24,19.2,64,,35937,,115,1.0,-0.5506032662094,-0.1804848553316,-0.5506275754253999,,,,,,,,,-2.430921596108e-05,-0.551317,exact_spheroidal,-0.1036060842595,True,0.0833333333333299,22.00000000000008,8.306363988132998e-162,dense,ok,,129.9093019962,no_LG_run__dense_tier_only,enclosure_width; LG_discretisation_term
H2plus,2.0,"[-28,28]x[-22.4,22.4]^2",28,22.4,24,,2197,,134,1.0,-0.5362895891687,-0.1781918569619999,-0.5376849914642,,,,,,,,,-0.001395402295479,-0.551317,exact_spheroidal,-0.08893193797451,True,0.0714285714285699,26.00000000000004,1.0944167657989999e-219,dense,ok,,1.114537000656,no_LG_run__dense_tier_only,enclosure_width; LG_discretisation_term
H2plus,2.0,"[-28,28]x[-22.4,22.4]^2",28,22.4,32,,4913,,134,1.0,-0.5451423218687,-0.1794975531232,-0.5457870353227,,,,,,,,,-0.000644713454051,-0.551317,exact_spheroidal,-0.08893193797451,True,0.0714285714285699,26.00000000000004,1.0944167657989999e-219,dense,ok,,3.668586015701,no_LG_run__dense_tier_only,enclosure_width; LG_discretisation_term
H2plus,2.0,"[-28,28]x[-22.4,22.4]^2",28,22.4,40,,9261,,134,1.0,-0.5480063266024,-0.1799939831767999,-0.5481285601159999,,,,,,,,,-0.0001222335136508,-0.551317,exact_spheroidal,-0.08893193797451,True,0.0714285714285699,26.00000000000004,1.0944167657989999e-219,dense,ok,,10.35451102257,no_LG_run__dense_tier_only,enclosure_width; LG_discretisation_term
H2plus,2.0,"[-28,28]x[-22.4,22.4]^2",28,22.4,48,,15625,,134,1.0,-0.5488112315018,-0.1801068905224,-0.5489249488455,,,,,,,,,-0.000113717343736,-0.551317,exact_spheroidal,-0.08893193797451,True,0.0714285714285699,26.00000000000004,1.0944167657989999e-219,dense,ok,,27.18515920639,no_LG_run__dense_tier_only,enclosure_width; LG_discretisation_term
H2plus,2.0,"[-28,28]x[-22.4,22.4]^2",28,22.4,56,,24389,,134,1.0,-0.549781755586,-0.1802336896974,-0.5498898806495,,,,,,,,,-0.0001081250635463,-0.551317,exact_spheroidal,-0.08893193797451,True,0.0714285714285699,26.00000000000004,1.0944167657989999e-219,dense,ok,,73.77724218369,no_LG_run__dense_tier_only,enclosure_width; LG_discretisation_term
H2plus,2.0,"[-28,28]x[-22.4,22.4]^2",28,22.4,64,,35937,,134,1.0,-0.5503840695302,-0.1803222065265,-0.5504191227996,,,,,,,,,-3.505326936937e-05,-0.551317,exact_spheroidal,-0.08893193797451,True,0.0714285714285699,26.00000000000004,1.0944167657989999e-219,dense,ok,,123.5764689445,no_LG_run__dense_tier_only,enclosure_width; LG_discretisation_term
H3plus,2.8,"[-8,8]x[-6.4,6.4]^2",8,6.4,24,,2197,,38,1.25,-0.9368754299317,-0.4314202747991,-0.9349571743152,,,,,,,,,0.001918255616435,-0.936459672195,gaussian_CONFLICT,-0.4425491671569,True,0.3499999999999999,5.2,5.511055312884e-20,dense,ok,,1.933254957199,no_LG_run__dense_tier_only,enclosure_width; LG_discretisation_term
H3plus,2.8,"[-8,8]x[-6.4,6.4]^2",8,6.4,32,,4913,,38,1.25,-0.937136966478,-0.4315570567865,-0.935196785941,,,,,,,,,0.001940180536977,-0.936459672195,gaussian_CONFLICT,-0.4425491671569,True,0.3499999999999999,5.2,5.511055312884e-20,dense,ok,,2.613347053528,no_LG_run__dense_tier_only,enclosure_width; LG_discretisation_term
H3plus,2.8,"[-8,8]x[-6.4,6.4]^2",8,6.4,40,,9261,,38,1.25,-0.937321371142,-0.4315994631346,-0.9353411591896,,,,,,,,,0.0019802119523339,-0.936459672195,gaussian_CONFLICT,-0.4425491671569,True,0.3499999999999999,5.2,5.511055312884e-20,dense,ok,,6.897146224976,no_LG_run__dense_tier_only,enclosure_width; LG_discretisation_term
H3plus,2.8,"[-8,8]x[-6.4,6.4]^2",8,6.4,48,,15625,,38,1.25,-0.9374010638046,-0.4316165371896,-0.9354197875529,,,,,,,,,0.0019812762516999,-0.936459672195,gaussian_CONFLICT,-0.4425491671569,True,0.3499999999999999,5.2,5.511055312884e-20,dense,ok,,19.42398786545,no_LG_run__dense_tier_only,enclosure_width; LG_discretisation_term
H3plus,2.8,"[-8,8]x[-6.4,6.4]^2",8,6.4,56,,24389,,38,1.25,-0.9374278062755,-0.431628156957,-0.9354502934125,,,,,,,,,0.0019775128630329,-0.936459672195,gaussian_CONFLICT,-0.4425491671569,True,0.3499999999999999,5.2,5.511055312884e-20,dense,ok,,47.57405495644,no_LG_run__dense_tier_only,enclosure_width; LG_discretisation_term
H3plus,2.8,"[-8,8]x[-6.4,6.4]^2",8,6.4,64,,35937,,38,1.25,-0.9374476900885,-0.4316344843916999,-0.9354653069369,,,,,,,,,0.001982383151596,-0.936459672195,gaussian_CONFLICT,-0.4425491671569,True,0.3499999999999999,5.2,5.511055312884e-20,dense,ok,,123.9035301208,no_LG_run__dense_tier_only,enclosure_width; LG_discretisation_term
H3plus,2.8,"[-10,10]x[-8,8]^2",10,8.0,24,,2197,,48,1.0,-0.9349773145841,-0.4001901320758999,-0.9349583376476,,,,,,,,,1.89769364749e-05,-0.936459672195,gaussian_CONFLICT,-0.3609645890914999,True,0.28,7.199999999999999,4.2544317563579996e-24,dense,ok,,0.9276649951935,no_LG_run__dense_tier_only,enclosure_width; LG_discretisation_term
H3plus,2.8,"[-10,10]x[-8,8]^2",10,8.0,32,48.0,4913,15625.0,48,1.0,-0.9359966739831932,-0.4003613084690488,-0.935887990338099,-0.6470997164975996,,-0.6533254588975997,-0.9364225164094055,-0.9364208333866492,0.0005345260713065,0.000571681856901,-3.715578559448929e-05,0.000108683645094,-0.936459672195,gaussian_CONFLICT,-0.3609645890915043,True,0.2799999999999999,7.200000000000001,4.2544317563575404e-24,lg,ok,,11.727164030075071,float_estimate__UNRELIABLE_at_1e-4__DO_NOT_QUOTE,enclosure_width; LG_discretisation_term
H3plus,2.8,"[-10,10]x[-8,8]^2",10,8.0,40,,9261,,48,1.0,-0.9361623989711,-0.4004830138653,-0.9360626205806,,,,,,,,,9.977839047359e-05,-0.936459672195,gaussian_CONFLICT,-0.3609645890914999,True,0.28,7.199999999999999,4.2544317563579996e-24,dense,ok,,7.918169975280998,no_LG_run__dense_tier_only,enclosure_width; LG_discretisation_term
H3plus,2.8,"[-10,10]x[-8,8]^2",10,8.0,48,64.0,15625,35937.0,48,1.0,-0.936344680870388,-0.4005190909400673,-0.9362143687596735,-0.6475089931131824,,-0.6537347355131824,-0.9364663750257364,-0.9364658937344348,0.000252006266063,0.0002453034353264,6.702830736449172e-06,0.0001303121107146,-0.936459672195,gaussian_CONFLICT,-0.3609645890915043,True,0.2799999999999999,7.200000000000001,4.2544317563575404e-24,lg,ok,,76.22013401985168,float_estimate__UNRELIABLE_at_1e-4__DO_NOT_QUOTE,enclosure_width; LG_discretisation_term
H3plus,2.8,"[-10,10]x[-8,8]^2",10,8.0,56,,24389,,48,1.0,-0.9364010705946,-0.4005439359812,-0.936277789919,,,,,,,,,0.0001232806755843,-0.936459672195,gaussian_CONFLICT,-0.3609645890914999,True,0.28,7.199999999999999,4.2544317563579996e-24,dense,ok,,51.30378508568,no_LG_run__dense_tier_only,enclosure_width; LG_discretisation_term
H3plus,2.8,"[-10,10]x[-8,8]^2",10,8.0,64,80.0,35937,68921.0,48,1.0,-0.9364440902109128,-0.4005574107555958,-0.936310346916654,-0.6476000594405222,,-0.653825801840522,-0.9364917315201347,-0.936491543134274,0.0001813846034803,0.0001493252783458,3.2059325134614625e-05,0.0001337432942585,-0.936459672195,gaussian_CONFLICT,-0.3609645890915043,True,0.2799999999999999,7.200000000000001,4.2544317563575404e-24,lg,ok,,302.1115691661835,float_estimate__UNRELIABLE_at_1e-4__DO_NOT_QUOTE,enclosure_width; LG_discretisation_term
H3plus,2.8,"[-12,12]x[-9.6,9.6]^2",12,9.6,24,,2197,,58,1.0,-0.9344560062894,-0.3869103583487,-0.9345648834915,,,,,,,,,-0.0001088772020831,-0.936459672195,gaussian_CONFLICT,-0.3041666666667,True,0.2333333333333,9.2000000000004,1.894642278962e-38,dense,ok,,1.136251211166,no_LG_run__dense_tier_only,enclosure_width; LG_discretisation_term
H3plus,2.8,"[-12,12]x[-9.6,9.6]^2",12,9.6,32,48.0,4913,15625.0,58,1.0,-0.9352723692317436,-0.3875035878484309,-0.9354159193778456,-0.6463622035714535,,-0.6525879459714536,-0.9362754796146304,-0.9362715144085378,0.000859560236785,0.0010437528171545,-0.0001841925803695,-0.000143550146102,-0.936459672195,gaussian_CONFLICT,-0.3041666666666664,True,0.2333333333333333,9.2,1.8946422789623004e-38,lg,ok,,10.095165967941284,float_estimate__UNRELIABLE_at_1e-4__DO_NOT_QUOTE,enclosure_width; LG_discretisation_term
H3plus,2.8,"[-12,12]x[-9.6,9.6]^2",12,9.6,40,,9261,,58,1.0,-0.9359626557844,-0.3876562851663999,-0.9359716876918,,,,,,,,,-9.031907332147e-06,-0.936459672195,gaussian_CONFLICT,-0.3041666666667,True,0.2333333333333,9.2000000000004,1.894642278962e-38,dense,ok,,7.282870054244999,no_LG_run__dense_tier_only,enclosure_width; LG_discretisation_term
H3plus,2.8,"[-12,12]x[-9.6,9.6]^2",12,9.6,48,64.0,15625,35937.0,58,1.0,-0.9360925526103012,-0.3877740097530182,-0.9361123361748722,-0.6469670385578024,,-0.6531927809578024,-0.9363537836140348,-0.9363527512783156,0.0002414474391626,0.0003473360201277,-0.000105888580965,-1.978356457088548e-05,-0.936459672195,gaussian_CONFLICT,-0.3041666666666664,True,0.2333333333333333,9.2,1.8946422789623004e-38,lg,ok,,86.00649619102478,float_estimate__UNRELIABLE_at_1e-4__DO_NOT_QUOTE,enclosure_width; LG_discretisation_term
H3plus,2.8,"[-12,12]x[-9.6,9.6]^2",12,9.6,56,,24389,,58,1.0,-0.9362707616896,-0.3878057440432,-0.9362673818756,,,,,,,,,3.379814006887e-06,-0.936459672195,gaussian_CONFLICT,-0.3041666666667,True,0.2333333333333,9.2000000000004,1.894642278962e-38,dense,ok,,54.35429787636,no_LG_run__dense_tier_only,enclosure_width; LG_discretisation_term
H3plus,2.8,"[-12,12]x[-9.6,9.6]^2",12,9.6,64,80.0,35937,68921.0,58,1.0,-0.936305995333235,-0.3878434528011898,-0.9363042804935516,-0.6471270394797088,,-0.6533527818797088,-0.9364012453255908,-0.9364008690960672,9.6964832039359e-05,0.0001553917014483,-5.8426869409045054e-05,1.7148396833643886e-06,-0.936459672195,gaussian_CONFLICT,-0.3041666666666664,True,0.2333333333333333,9.2,1.8946422789623004e-38,lg,ok,,294.13705801963806,float_estimate__UNRELIABLE_at_1e-4__DO_NOT_QUOTE,enclosure_width; LG_discretisation_term
H3plus,2.8,"[-14,14]x[-11.2,11.2]^2",14,11.2,24,,2197,,67,1.0,-0.9336406986014,-0.3824218194142,-0.9339510489655,,,,,,,,,-0.0003103503641049,-0.936459672195,gaussian_CONFLICT,-0.2625254464544999,True,0.2,11.2,5.941719739612001e-56,dense,ok,,1.225251913071,no_LG_run__dense_tier_only,enclosure_width; LG_discretisation_term
H3plus,2.8,"[-14,14]x[-11.2,11.2]^2",14,11.2,32,48.0,4913,15625.0,67,1.0,-0.9347754046427004,-0.3837409176809553,-0.934839525073372,-0.6457246455925431,,-0.6519503879925432,-0.9362434725265418,-0.936237679758626,0.0014039474531696,0.0016201471216279,-0.0002161996684581,-6.412043067172135e-05,-0.936459672195,gaussian_CONFLICT,-0.2625254464545235,True,0.1999999999999999,11.2,5.941719739612334e-56,lg,ok,,10.421656131744385,float_estimate__UNRELIABLE_at_1e-4__DO_NOT_QUOTE,enclosure_width; LG_discretisation_term
H3plus,2.8,"[-14,14]x[-11.2,11.2]^2",14,11.2,40,,9261,,67,1.0,-0.9355858506177,-0.3839634864247,-0.935692400609,,,,,,,,,-0.0001065499913593,-0.936459672195,gaussian_CONFLICT,-0.2625254464544999,True,0.2,11.2,5.941719739612001e-56,dense,ok,,7.745985984802,no_LG_run__dense_tier_only,enclosure_width; LG_discretisation_term
H3plus,2.8,"[-14,14]x[-11.2,11.2]^2",14,11.2,48,64.0,15625,35937.0,67,1.0,-0.9359762562364544,-0.3841168300694571,-0.9359897447931484,-0.6467893888990989,,-0.653015131299099,-0.9363189523123824,-0.9363175982751406,0.0003292075192339,0.0004699274018514,-0.0001407198826175,-1.3488556694141174e-05,-0.936459672195,gaussian_CONFLICT,-0.2625254464545235,True,0.1999999999999999,11.2,5.941719739612334e-56,lg,ok,,84.15589308738707,float_estimate__UNRELIABLE_at_1e-4__DO_NOT_QUOTE,enclosure_width; LG_discretisation_term
H3plus,2.8,"[-14,14]x[-11.2,11.2]^2",14,11.2,56,,24389,,67,1.0,-0.9360848982783,-0.3842176872434,-0.9361079473102,,,,,,,,,-2.304903190165e-05,-0.936459672195,gaussian_CONFLICT,-0.2625254464544999,True,0.2,11.2,5.941719739612001e-56,dense,ok,,64.39711093903,no_LG_run__dense_tier_only,enclosure_width; LG_discretisation_term
H3plus,2.8,"[-14,14]x[-11.2,11.2]^2",14,11.2,64,80.0,35937,68921.0,67,1.0,-0.9362562771077388,-0.3842446379064608,-0.9362630794794548,-0.6470117584281114,,-0.6532375008281112,-0.9363619290295132,-0.9363615116884278,9.884955005823315e-05,0.0001965927155451,-9.774316548694097e-05,-6.80237171590825e-06,-0.936459672195,gaussian_CONFLICT,-0.2625254464545235,True,0.1999999999999999,11.2,5.941719739612334e-56,lg,ok,,279.56601309776306,float_estimate__UNRELIABLE_at_1e-4__DO_NOT_QUOTE,enclosure_width; LG_discretisation_term
H3plus,2.8,"[-16,16]x[-12.8,12.8]^2",16,12.8,24,,2197,,77,1.0,-0.9313805669587,-0.3809604285516999,-0.9322542124577,,,,,,,,,-0.0008736454990056,-0.936459672195,gaussian_CONFLICT,-0.2307656277182,True,0.1749999999999999,13.2,1.093986873398e-72,dense,ok,,1.157752037048,no_LG_run__dense_tier_only,enclosure_width; LG_discretisation_term
H3plus,2.8,"[-16,16]x[-12.8,12.8]^2",16,12.8,32,48.0,4913,15625.0,77,1.0,-0.9344170767558196,-0.3823461156732149,-0.9345109836339272,-0.6453111932556344,,-0.6515369356556344,-0.9360694870289936,-0.9360629580106004,0.0015585033950661,0.0019486885610724,-0.0003901851660064,-9.390687810773012e-05,-0.936459672195,gaussian_CONFLICT,-0.2307656277181658,True,0.1749999999999999,13.2,1.0939868733979428e-72,lg,ok,,11.542505979537964,float_estimate__UNRELIABLE_at_1e-4__DO_NOT_QUOTE,enclosure_width; LG_discretisation_term
H3plus,2.8,"[-16,16]x[-12.8,12.8]^2",16,12.8,40,,9261,,77,1.0,-0.9349800080659,-0.3830172130955,-0.9350635010106,,,,,,,,,-8.349294473330998e-05,-0.936459672195,gaussian_CONFLICT,-0.2307656277182,True,0.1749999999999999,13.2,1.093986873398e-72,dense,ok,,7.400280952453999,no_LG_run__dense_tier_only,enclosure_width; LG_discretisation_term
H3plus,2.8,"[-16,16]x[-12.8,12.8]^2",16,12.8,48,64.0,15625,35937.0,77,1.0,-0.935768474668603,-0.3831388260703405,-0.9358286120660196,-0.6464756696027792,,-0.6527014120027794,-0.9361522957739488,-0.9361507772034312,0.0003236837079288,0.00063106012898,-0.0003073764210511,-6.013739741683733e-05,-0.936459672195,gaussian_CONFLICT,-0.2307656277181658,True,0.1749999999999999,13.2,1.0939868733979428e-72,lg,ok,,90.79193711280823,float_estimate__UNRELIABLE_at_1e-4__DO_NOT_QUOTE,enclosure_width; LG_discretisation_term
H3plus,2.8,"[-16,16]x[-12.8,12.8]^2",16,12.8,56,,24389,,77,1.0,-0.935988287221,-0.3832890529554,-0.9359997621944,,,,,,,,,-1.147497344856e-05,-0.936459672195,gaussian_CONFLICT,-0.2307656277182,True,0.1749999999999999,13.2,1.093986873398e-72,dense,ok,,62.09928297997,no_LG_run__dense_tier_only,enclosure_width; LG_discretisation_term
H3plus,2.8,"[-16,16]x[-12.8,12.8]^2",16,12.8,64,,35937,,77,1.0,-0.9360820942975,-0.3833718298275999,-0.9361020833541,,,,,,,,,-1.998905661005e-05,-0.936459672195,gaussian_CONFLICT,-0.2307656277182,True,0.1749999999999999,13.2,1.093986873398e-72,dense,ok,,142.4472429752,no_LG_run__dense_tier_only,enclosure_width; LG_discretisation_term
H3plus,2.8,"[-20,20]x[-16,16]^2",20,16.0,24,,2197,,96,1.0,-0.9249785379759,-0.3797149097184,-0.926063432451,,,,,,,,,-0.0010848944751019,-0.936459672195,gaussian_CONFLICT,-0.1856288083944999,True,0.14,17.2,8.270326320887002e-113,dense,ok,,1.356996059418,no_LG_run__dense_tier_only,enclosure_width; LG_discretisation_term
H3plus,2.8,"[-20,20]x[-16,16]^2",20,16.0,32,48.0,4913,15625.0,96,1.0,-0.9325313599237784,-0.3809196088331611,-0.9330261568715416,-0.6424672498397995,,-0.6486929922397993,-0.935375628272016,-0.935364396385291,0.0023494714004743,0.0034335153234581,-0.0010840439229836,-0.0004947969477631,-0.936459672195,gaussian_CONFLICT,-0.185628808394463,True,0.1399999999999999,17.200000000000003,8.270326320886854e-113,lg,ok,,10.538031101226808,float_estimate__UNRELIABLE_at_1e-4__DO_NOT_QUOTE,enclosure_width; LG_discretisation_term
H3plus,2.8,"[-20,20]x[-16,16]^2",20,16.0,40,,9261,,96,1.0,-0.9343957390221,-0.3820707257941999,-0.9344739372001,,,,,,,,,-7.819817801313e-05,-0.936459672195,gaussian_CONFLICT,-0.1856288083944999,True,0.14,17.2,8.270326320887002e-113,dense,ok,,8.64068198204,no_LG_run__dense_tier_only,enclosure_width; LG_discretisation_term
H3plus,2.8,"[-20,20]x[-16,16]^2",20,16.0,48,64.0,15625,35937.0,96,1.0,-0.9348600698517034,-0.3827247928207648,-0.9349097612550612,-0.6458767275927743,-0.4202693229698081,-0.6521024699927744,-0.9361386468474308,-0.936133590156826,0.0012288855923698,0.0015499109399388,-0.0003210253475689,-4.969140335775446e-05,-0.936459672195,gaussian_CONFLICT,-0.185628808394463,True,0.1399999999999999,17.200000000000003,8.270326320886854e-113,lg_eoe,ok,,92.78014302253725,float_estimate__UNRELIABLE_at_1e-4__DO_NOT_QUOTE,enclosure_width; LG_discretisation_term
H3plus,2.8,"[-20,20]x[-16,16]^2",20,16.0,56,,24389,,96,1.0,-0.9354488372756,-0.3828630585016,-0.9355363437408,,,,,,,,,-8.750646524835e-05,-0.936459672195,gaussian_CONFLICT,-0.1856288083944999,True,0.14,17.2,8.270326320887002e-113,dense,ok,,59.24879407883,no_LG_run__dense_tier_only,enclosure_width; LG_discretisation_term
H3plus,2.8,"[-20,20]x[-16,16]^2",20,16.0,64,80.0,35937,68921.0,96,1.0,-0.9359055664972608,-0.3829528060913424,-0.9359252102436948,-0.646628729450283,,-0.652854471850283,-0.9361174098632404,-0.9361165708496408,0.0001921996195456,0.0005344619513052,-0.0003422623317596,-1.964374643403932e-05,-0.936459672195,gaussian_CONFLICT,-0.185628808394463,True,0.1399999999999999,17.200000000000003,8.270326320886854e-113,lg,ok,,288.0332889556885,float_estimate__UNRELIABLE_at_1e-4__DO_NOT_QUOTE,enclosure_width; LG_discretisation_term
H3plus,2.8,"[-24,24]x[-19.2,19.2]^2",24,19.2,24,,2197,,115,1.0,-0.920635783335,-0.3780126333902,-0.9215460436614,,,,,,,,,-0.0009102603264498,-0.936459672195,gaussian_CONFLICT,-0.1551596855274,True,0.1166666666667,21.1999999999992,8.306363988132998e-162,dense,ok,,1.455685853958,no_LG_run__dense_tier_only,enclosure_width; LG_discretisation_term
H3plus,2.8,"[-24,24]x[-19.2,19.2]^2",24,19.2,32,,4913,,115,1.0,-0.9277121552368,-0.380199742758,-0.9286132949773,,,,,,,,,-0.0009011397404217,-0.936459672195,gaussian_CONFLICT,-0.1551596855274,True,0.1166666666667,21.1999999999992,8.306363988132998e-162,dense,ok,,2.663838148117,no_LG_run__dense_tier_only,enclosure_width; LG_discretisation_term
H3plus,2.8,"[-24,24]x[-19.2,19.2]^2",24,19.2,40,,9261,,115,1.0,-0.9330903203147,-0.3810573184030999,-0.9334033812352,,,,,,,,,-0.0003130609205538,-0.936459672195,gaussian_CONFLICT,-0.1551596855274,True,0.1166666666667,21.1999999999992,8.306363988132998e-162,dense,ok,,8.566092967987,no_LG_run__dense_tier_only,enclosure_width; LG_discretisation_term
H3plus,2.8,"[-24,24]x[-19.2,19.2]^2",24,19.2,48,,15625,,115,1.0,-0.9343812182175,-0.3820359300462999,-0.9344482596669,,,,,,,,,-6.704144937864e-05,-0.936459672195,gaussian_CONFLICT,-0.1551596855274,True,0.1166666666667,21.1999999999992,8.306363988132998e-162,dense,ok,,22.46443295479,no_LG_run__dense_tier_only,enclosure_width; LG_discretisation_term
H3plus,2.8,"[-24,24]x[-19.2,19.2]^2",24,19.2,56,,24389,,115,1.0,-0.9347908878251,-0.3826541605198999,-0.9348290274722,,,,,,,,,-3.8139647071e-05,-0.936459672195,gaussian_CONFLICT,-0.1551596855274,True,0.1166666666667,21.1999999999992,8.306363988132998e-162,dense,ok,,59.45616221428,no_LG_run__dense_tier_only,enclosure_width; LG_discretisation_term
H3plus,2.8,"[-24,24]x[-19.2,19.2]^2",24,19.2,64,,35937,,115,1.0,-0.9351957346201,-0.3828194138966,-0.9352681243996,,,,,,,,,-7.238977952939e-05,-0.936459672195,gaussian_CONFLICT,-0.1551596855274,True,0.1166666666667,21.1999999999992,8.306363988132998e-162,dense,ok,,142.6971120834,no_LG_run__dense_tier_only,enclosure_width; LG_discretisation_term
H3plus,2.8,"[-28,28]x[-22.4,22.4]^2",28,22.4,24,,2197,,134,1.0,-0.9160240251884,-0.3745106323415999,-0.9174227048963,,,,,,,,,-0.001398679707868,-0.936459672195,gaussian_CONFLICT,-0.1332390961350999,True,0.1,25.2,1.0944167657989999e-219,dense,ok,,1.420941114426,no_LG_run__dense_tier_only,enclosure_width; LG_discretisation_term
H3plus,2.8,"[-28,28]x[-22.4,22.4]^2",28,22.4,32,,4913,,134,1.0,-0.9234835003286,-0.3792929495908,-0.9242186561398,,,,,,,,,-0.0007351558112211,-0.936459672195,gaussian_CONFLICT,-0.1332390961350999,True,0.1,25.2,1.0944167657989999e-219,dense,ok,,2.818655014038,no_LG_run__dense_tier_only,enclosure_width; LG_discretisation_term
H3plus,2.8,"[-28,28]x[-22.4,22.4]^2",28,22.4,40,,9261,,134,1.0,-0.9295898057361,-0.3804574049385,-0.9302767669562,,,,,,,,,-0.0006869612200798,-0.936459672195,gaussian_CONFLICT,-0.1332390961350999,True,0.1,25.2,1.0944167657989999e-219,dense,ok,,7.769716978073,no_LG_run__dense_tier_only,enclosure_width; LG_discretisation_term
H3plus,2.8,"[-28,28]x[-22.4,22.4]^2",28,22.4,48,,15625,,134,1.0,-0.9333998587972,-0.3811700160349,-0.9336166668135,,,,,,,,,-0.000216808016311,-0.936459672195,gaussian_CONFLICT,-0.1332390961350999,True,0.1,25.2,1.0944167657989999e-219,dense,ok,,23.14022397995,no_LG_run__dense_tier_only,enclosure_width; LG_discretisation_term
H3plus,2.8,"[-28,28]x[-22.4,22.4]^2",28,22.4,56,,24389,,134,1.0,-0.934370690977,-0.3820183818692,-0.9344293955278,,,,,,,,,-5.870455076007e-05,-0.936459672195,gaussian_CONFLICT,-0.1332390961350999,True,0.1,25.2,1.0944167657989999e-219,dense,ok,,57.5205078125,no_LG_run__dense_tier_only,enclosure_width; LG_discretisation_term
H3plus,2.8,"[-28,28]x[-22.4,22.4]^2",28,22.4,64,,35937,,134,1.0,-0.9347405136707,-0.3825961070623999,-0.9347743344516,,,,,,,,,-3.382078081926e-05,-0.936459672195,gaussian_CONFLICT,-0.1332390961350999,True,0.1,25.2,1.0944167657989999e-219,dense,ok,,139.0752990246,no_LG_run__dense_tier_only,enclosure_width; LG_discretisation_term
H3plus,4.0,"[-8,8]x[-6.4,6.4]^2",8,6.4,24,,2197,,38,1.5,-0.7654044345996999,-0.4498361315036,-0.7583965593946999,,,,,,,,,0.0070078752049749,-0.7620799973399999,gaussian_consistent,-0.4583333333333,True,0.5,4.0,2.57724758916e-17,dense,ok,,2.168897151947,no_LG_run__dense_tier_only,enclosure_width; LG_discretisation_term
H3plus,4.0,"[-8,8]x[-6.4,6.4]^2",8,6.4,32,,4913,,38,1.5,-0.7656373184464998,-0.4500798796239,-0.7586021877413999,,,,,,,,,0.007035130705103,-0.7620799973399999,gaussian_consistent,-0.4583333333333,True,0.5,4.0,2.57724758916e-17,dense,ok,,2.648650884628,no_LG_run__dense_tier_only,enclosure_width; LG_discretisation_term
H3plus,4.0,"[-8,8]x[-6.4,6.4]^2",8,6.4,40,,9261,,38,1.5,-0.7657271274024,-0.450171365039,-0.7586848939468,,,,,,,,,0.0070422334556509,-0.7620799973399999,gaussian_consistent,-0.4583333333333,True,0.5,4.0,2.57724758916e-17,dense,ok,,7.134669065475,no_LG_run__dense_tier_only,enclosure_width; LG_discretisation_term
H3plus,4.0,"[-8,8]x[-6.4,6.4]^2",8,6.4,48,,15625,,38,1.5,-0.7657688727452,-0.4502130512620999,-0.7587243500235,,,,,,,,,0.007044522721728,-0.7620799973399999,gaussian_consistent,-0.4583333333333,True,0.5,4.0,2.57724758916e-17,dense,ok,,21.18185210228,no_LG_run__dense_tier_only,enclosure_width; LG_discretisation_term
H3plus,4.0,"[-8,8]x[-6.4,6.4]^2",8,6.4,56,,24389,,38,1.5,-0.7657908545721999,-0.4502346766981,-0.7587454951318,,,,,,,,,0.0070453594404259,-0.7620799973399999,gaussian_consistent,-0.4583333333333,True,0.5,4.0,2.57724758916e-17,dense,ok,,54.72244596481,no_LG_run__dense_tier_only,enclosure_width; LG_discretisation_term
H3plus,4.0,"[-8,8]x[-6.4,6.4]^2",8,6.4,64,,35937,,38,1.5,-0.7658035126555,-0.4502469870240999,-0.7587578268099,,,,,,,,,0.0070456858456079,-0.7620799973399999,gaussian_consistent,-0.4583333333333,True,0.5,4.0,2.57724758916e-17,dense,ok,,134.9207489491,no_LG_run__dense_tier_only,enclosure_width; LG_discretisation_term
H3plus,4.0,"[-10,10]x[-8,8]^2",10,8.0,24,,2197,,48,1.0,-0.7615450155899,-0.4231912012635,-0.7609459264839,,,,,,,,,0.0005990891060902,-0.7620799973399999,gaussian_consistent,-0.3486067977499999,True,0.4,6.0,3.865871383739001e-17,dense,ok,,0.9337010383606,no_LG_run__dense_tier_only,enclosure_width; LG_discretisation_term
H3plus,4.0,"[-10,10]x[-8,8]^2",10,8.0,32,48.0,4913,15625.0,48,1.0,-0.7620431812312691,-0.423663194901391,-0.7614204033903456,-0.5878033823477096,,-0.5940291247477097,-0.7625979932903959,-0.7625864001687412,0.00117758990005,0.0006595939496541,0.0005179959503959,0.0006227778409232,-0.7620799973399998,gaussian_consistent,-0.3486067977499788,True,0.4,6.0,3.865871383739282e-17,lg,ok,,13.963923215866089,float_estimate__UNRELIABLE_at_1e-4__DO_NOT_QUOTE,enclosure_width; LG_discretisation_term
H3plus,4.0,"[-10,10]x[-8,8]^2",10,8.0,40,,9261,,48,1.0,-0.7622040281065,-0.4239021588861,-0.761585426747,,,,,,,,,0.0006186013595633,-0.7620799973399999,gaussian_consistent,-0.3486067977499999,True,0.4,6.0,3.865871383739001e-17,dense,ok,,7.423885822295999,no_LG_run__dense_tier_only,enclosure_width; LG_discretisation_term
H3plus,4.0,"[-10,10]x[-8,8]^2",10,8.0,48,64.0,15625,35937.0,48,1.0,-0.7622740386645906,-0.4240006670428048,-0.7616486719681668,-0.588102725696583,,-0.5943284680965831,-0.7624677118071587,-0.7624636582205871,0.0008190398389918,0.0004313253718329,0.0003877144671588,0.0006253666964237,-0.7620799973399998,gaussian_consistent,-0.3486067977499788,True,0.4,6.0,3.865871383739282e-17,lg,ok,,92.53977108001709,float_estimate__UNRELIABLE_at_1e-4__DO_NOT_QUOTE,enclosure_width; LG_discretisation_term
H3plus,4.0,"[-10,10]x[-8,8]^2",10,8.0,56,,24389,,48,1.0,-0.7623237485684,-0.4240485971638,-0.7616881637513,,,,,,,,,0.0006355848171148,-0.7620799973399999,gaussian_consistent,-0.3486067977499999,True,0.4,6.0,3.865871383739001e-17,dense,ok,,53.75789499283,no_LG_run__dense_tier_only,enclosure_width; LG_discretisation_term
H3plus,4.0,"[-10,10]x[-8,8]^2",10,8.0,64,,35937,,48,1.0,-0.7623544314708,-0.424069183848,-0.7617170405652999,,,,,,,,,0.0006373909054677,-0.7620799973399999,gaussian_consistent,-0.3486067977499999,True,0.4,6.0,3.865871383739001e-17,dense,ok,,140.4498579502,no_LG_run__dense_tier_only,enclosure_width; LG_discretisation_term
H3plus,4.0,"[-12,12]x[-9.6,9.6]^2",12,9.6,24,,2197,,58,1.0,-0.7606518331581,-0.4155465940547999,-0.7608465196784,,,,,,,,,-0.0001946865202935,-0.7620799973399999,gaussian_consistent,-0.2964743589744,True,0.3333333333333,8.000000000000398,2.004763613186e-29,dense,ok,,1.051192998886,no_LG_run__dense_tier_only,enclosure_width; LG_discretisation_term
H3plus,4.0,"[-12,12]x[-9.6,9.6]^2",12,9.6,32,48.0,4913,15625.0,58,1.0,-0.7613496602626215,-0.4165930250788987,-0.7613458958449281,-0.5861096344625784,,-0.5923353768625785,-0.7626565678073515,-0.7626295328080277,0.0013106719624234,0.0007341014950715,0.0005765704673516,3.764417693230549e-06,-0.7620799973399998,gaussian_consistent,-0.2964743589743589,True,0.3333333333333333,8.0,2.0047636131857974e-29,lg,ok,,11.658806800842283,float_estimate__UNRELIABLE_at_1e-4__DO_NOT_QUOTE,enclosure_width; LG_discretisation_term
H3plus,4.0,"[-12,12]x[-9.6,9.6]^2",12,9.6,40,,9261,,58,1.0,-0.7617608901874,-0.4168183275892,-0.7617165292459,,,,,,,,,4.436094150861e-05,-0.7620799973399999,gaussian_consistent,-0.2964743589744,True,0.3333333333333,8.000000000000398,2.004763613186e-29,dense,ok,,7.408974170685,no_LG_run__dense_tier_only,enclosure_width; LG_discretisation_term
H3plus,4.0,"[-12,12]x[-9.6,9.6]^2",12,9.6,48,64.0,15625,35937.0,58,1.0,-0.7618970052942278,-0.4170140712661397,-0.7618606789880255,-0.5866133731465764,,-0.5928391155465765,-0.7621822407924567,-0.7621763232361825,0.0003215618044312,0.0002193183519743,0.0001022434524568,3.632630620242772e-05,-0.7620799973399998,gaussian_consistent,-0.2964743589743589,True,0.3333333333333333,8.0,2.0047636131857974e-29,lg,ok,,76.98351311683655,float_estimate__UNRELIABLE_at_1e-4__DO_NOT_QUOTE,enclosure_width; LG_discretisation_term
H3plus,4.0,"[-12,12]x[-9.6,9.6]^2",12,9.6,56,,24389,,58,1.0,-0.761958188072,-0.4171168210531,-0.7619090903391,,,,,,,,,4.909773293538e-05,-0.7620799973399999,gaussian_consistent,-0.2964743589744,True,0.3333333333333,8.000000000000398,2.004763613186e-29,dense,ok,,54.81073212624,no_LG_run__dense_tier_only,enclosure_width; LG_discretisation_term
H3plus,4.0,"[-12,12]x[-9.6,9.6]^2",12,9.6,64,80.0,35937,68921.0,58,1.0,-0.7620158715108996,-0.4171491540397276,-0.7619619578901045,-0.5867404240324468,,-0.5929661664324467,-0.7621123570892455,-0.7621103541051698,0.0001503991991408,0.0001180394498953,3.235974924553631e-05,5.391362079509854e-05,-0.7620799973399998,gaussian_consistent,-0.2964743589743589,True,0.3333333333333333,8.0,2.0047636131857974e-29,lg,ok,,276.4618330001831,float_estimate__UNRELIABLE_at_1e-4__DO_NOT_QUOTE,enclosure_width; LG_discretisation_term
H3plus,4.0,"[-14,14]x[-11.2,11.2]^2",14,11.2,24,,2197,,67,1.0,-0.7594251339136,-0.4138106301271999,-0.7596638862632,,,,,,,,,-0.0002387523496263,-0.7620799973399999,gaussian_consistent,-0.2574539127848,True,0.2857142857143,9.9999999999998,3.720075976021e-45,dense,ok,,1.067586898804,no_LG_run__dense_tier_only,enclosure_width; LG_discretisation_term
H3plus,4.0,"[-14,14]x[-11.2,11.2]^2",14,11.2,32,48.0,4913,15625.0,67,1.0,-0.7611328053824886,-0.4146240651415772,-0.761172060682274,-0.5856308618554567,,-0.5918566042554566,-0.7625953615931863,-0.7625651792175318,0.0014233009109122,0.0009079366577259,0.0005153642531862,-3.925529978543452e-05,-0.7620799973399998,gaussian_consistent,-0.2574539127847922,True,0.2857142857142857,10.0,3.720075976020836e-45,lg,ok,,11.880048990249634,float_estimate__UNRELIABLE_at_1e-4__DO_NOT_QUOTE,enclosure_width; LG_discretisation_term
H3plus,4.0,"[-14,14]x[-11.2,11.2]^2",14,11.2,40,,9261,,67,1.0,-0.7614591371990999,-0.4154169956416,-0.7615242883495,,,,,,,,,-6.515115040584e-05,-0.7620799973399999,gaussian_consistent,-0.2574539127848,True,0.2857142857143,9.9999999999998,3.720075976021e-45,dense,ok,,7.861932039261,no_LG_run__dense_tier_only,enclosure_width; LG_discretisation_term
H3plus,4.0,"[-14,14]x[-11.2,11.2]^2",14,11.2,48,64.0,15625,35937.0,67,1.0,-0.7617464080178254,-0.4156436795665107,-0.7617507264175507,-0.5863744157343088,,-0.5926001581343086,-0.7621777815941057,-0.762168841700604,0.0004270551765549,0.0003292709224491,9.778425410578162e-05,-4.318399725145028e-06,-0.7620799973399998,gaussian_consistent,-0.2574539127847922,True,0.2857142857142857,10.0,3.720075976020836e-45,lg,ok,,84.73224401473999,float_estimate__UNRELIABLE_at_1e-4__DO_NOT_QUOTE,enclosure_width; LG_discretisation_term
H3plus,4.0,"[-14,14]x[-11.2,11.2]^2",14,11.2,56,,24389,,67,1.0,-0.7618672667881,-0.4157845677108,-0.7618805572311,,,,,,,,,-1.329044302112e-05,-0.7620799973399999,gaussian_consistent,-0.2574539127848,True,0.2857142857143,9.9999999999998,3.720075976021e-45,dense,ok,,54.72792506218,no_LG_run__dense_tier_only,enclosure_width; LG_discretisation_term
H3plus,4.0,"[-14,14]x[-11.2,11.2]^2",14,11.2,64,80.0,35937,68921.0,67,1.0,-0.7619264173394616,-0.4158798777585239,-0.7619252553958235,-0.5865496098651977,,-0.5927753522651978,-0.76210041622836,-0.7620968076870988,0.0001751608325364,0.0001547419441764,2.0418888360018705e-05,1.1619436383059067e-06,-0.7620799973399998,gaussian_consistent,-0.2574539127847922,True,0.2857142857142857,10.0,3.720075976020836e-45,lg,ok,,276.4640140533448,float_estimate__UNRELIABLE_at_1e-4__DO_NOT_QUOTE,enclosure_width; LG_discretisation_term
H3plus,4.0,"[-16,16]x[-12.8,12.8]^2",16,12.8,24,,2197,,77,1.0,-0.7588593124403,-0.4121543813363,-0.7590210567292999,,,,,,,,,-0.0001617442890458,-0.7620799973399999,gaussian_consistent,-0.2272624965679999,True,0.25,12.0,2.412200259707e-64,dense,ok,,1.058434963226,no_LG_run__dense_tier_only,enclosure_width; LG_discretisation_term
H3plus,4.0,"[-16,16]x[-12.8,12.8]^2",16,12.8,32,48.0,4913,15625.0,77,1.0,-0.7605367408866528,-0.4140569269217848,-0.7607521533940904,-0.5850892814473247,,-0.5913150238473248,-0.7630220084076039,-0.7629708602169673,0.0022698550135135,0.0013278439459095,0.0009420110676038,-0.0002154125074376,-0.7620799973399998,gaussian_consistent,-0.2272624965679732,True,0.25,12.0,2.412200259706917e-64,lg,ok,,10.832944869995115,float_estimate__UNRELIABLE_at_1e-4__DO_NOT_QUOTE,enclosure_width; LG_discretisation_term
H3plus,4.0,"[-16,16]x[-12.8,12.8]^2",16,12.8,40,,9261,,77,1.0,-0.7612404252029,-0.4149278703545999,-0.7612662726123999,,,,,,,,,-2.584740944411e-05,-0.7620799973399999,gaussian_consistent,-0.2272624965679999,True,0.25,12.0,2.412200259707e-64,dense,ok,,8.017328977585,no_LG_run__dense_tier_only,enclosure_width; LG_discretisation_term
H3plus,4.0,"[-16,16]x[-12.8,12.8]^2",16,12.8,48,64.0,15625,35937.0,77,1.0,-0.7615845762406149,-0.4152647335030346,-0.7616332920184667,-0.5861812371767186,,-0.5924069795767185,-0.7622489541747025,-0.7622351982650521,0.0006156621562357,0.0004467053215332,0.0001689568347024,-4.871577785181547e-05,-0.7620799973399998,gaussian_consistent,-0.2272624965679732,True,0.25,12.0,2.412200259706917e-64,lg,ok,,76.88564395904541,float_estimate__UNRELIABLE_at_1e-4__DO_NOT_QUOTE,enclosure_width; LG_discretisation_term
H3plus,4.0,"[-16,16]x[-12.8,12.8]^2",16,12.8,56,,24389,,77,1.0,-0.7617521648988,-0.4154890798934999,-0.7617592820751,,,,,,,,,-7.11717628632e-06,-0.7620799973399999,gaussian_consistent,-0.2272624965679999,True,0.25,12.0,2.412200259707e-64,dense,ok,,60.75330400467,no_LG_run__dense_tier_only,enclosure_width; LG_discretisation_term
H3plus,4.0,"[-16,16]x[-12.8,12.8]^2",16,12.8,64,80.0,35937,68921.0,77,1.0,-0.7618622871618707,-0.4155898376970436,-0.7618784546258593,-0.5864678247442465,,-0.5926935671442463,-0.7621104947374107,-0.7621053489278452,0.0002320401115513,0.0002015427141404,3.0497397410900184e-05,-1.61674639888032e-05,-0.7620799973399998,gaussian_consistent,-0.2272624965679732,True,0.25,12.0,2.412200259706917e-64,lg,ok,,279.2491500377655,float_estimate__UNRELIABLE_at_1e-4__DO_NOT_QUOTE,enclosure_width; LG_discretisation_term
H3plus,4.0,"[-20,20]x[-16,16]^2",20,16.0,24,,2197,,96,1.0,-0.7570811574533999,-0.4072034775334,-0.7576234904020999,,,,,,,,,-0.0005423329486733,-0.7620799973399999,gaussian_consistent,-0.1837678125182,True,0.2,16.0,8.270326320887002e-113,dense,ok,,1.230839014053,no_LG_run__dense_tier_only,enclosure_width; LG_discretisation_term
H3plus,4.0,"[-20,20]x[-16,16]^2",20,16.0,32,48.0,4913,15625.0,96,1.0,-0.7590798179018485,-0.4129852571243132,-0.7591979642959537,-0.5837157148837286,,-0.5899414572837286,-0.7640296533084123,-0.7639284862953735,0.0048316890124583,0.0028820330440461,0.0019496559684123,-0.0001181463941053,-0.7620799973399998,gaussian_consistent,-0.1837678125181664,True,0.2,16.0,8.270326320886854e-113,lg,ok,,11.345906972885132,float_estimate__UNRELIABLE_at_1e-4__DO_NOT_QUOTE,enclosure_width; LG_discretisation_term
H3plus,4.0,"[-20,20]x[-16,16]^2",20,16.0,40,,9261,,96,1.0,-0.7604841145252,-0.4140036840629999,-0.7606682513472,,,,,,,,,-0.0001841368220704,-0.7620799973399999,gaussian_consistent,-0.1837678125182,True,0.2,16.0,8.270326320887002e-113,dense,ok,,7.798418998717999,no_LG_run__dense_tier_only,enclosure_width; LG_discretisation_term
H3plus,4.0,"[-20,20]x[-16,16]^2",20,16.0,48,64.0,15625,35937.0,96,1.0,-0.7611855689255229,-0.4146184021162532,-0.7612110886070234,-0.5857962643447437,-0.3693060954734722,-0.5920220067447437,-0.7624031713310545,-0.7623779978397549,0.0011920827240309,0.0008689087329764,0.0003231739910545,-2.5519681500663083e-05,-0.7620799973399998,gaussian_consistent,-0.1837678125181664,True,0.2,16.0,8.270326320886854e-113,lg_eoe,ok,,78.1128990650177,float_estimate__UNRELIABLE_at_1e-4__DO_NOT_QUOTE,enclosure_width; LG_discretisation_term
H3plus,4.0,"[-20,20]x[-16,16]^2",20,16.0,56,,24389,,96,1.0,-0.7613881273178,-0.4151606801005,-0.7614305423887,,,,,,,,,-4.241507093439e-05,-0.7620799973399999,gaussian_consistent,-0.1837678125182,True,0.2,16.0,8.270326320887002e-113,dense,ok,,59.88010001183,no_LG_run__dense_tier_only,enclosure_width; LG_discretisation_term
H3plus,4.0,"[-20,20]x[-16,16]^2",20,16.0,64,80.0,35937,68921.0,96,1.0,-0.7616959393211442,-0.415274542199453,-0.7617103405301809,-0.5862509269311613,,-0.592476669331161,-0.7620846156614589,-0.7620765633053531,0.0003742751312778,0.000369656809819,4.618321458926822e-06,-1.440120903672959e-05,-0.7620799973399998,gaussian_consistent,-0.1837678125181664,True,0.2,16.0,8.270326320886854e-113,lg,ok,,268.303034067154,float_estimate__UNRELIABLE_at_1e-4__DO_NOT_QUOTE,enclosure_width; LG_discretisation_term
H3plus,4.0,"[-24,24]x[-19.2,19.2]^2",24,19.2,24,,2197,,115,1.0,-0.7515593951547,-0.4051253516944,-0.7531246425968,,,,,,,,,-0.001565247442035,-0.7620799973399999,gaussian_consistent,-0.1540604603892999,True,0.1666666666666999,19.9999999999992,8.306363988132998e-162,dense,ok,,1.363296985626,no_LG_run__dense_tier_only,enclosure_width; LG_discretisation_term
H3plus,4.0,"[-24,24]x[-19.2,19.2]^2",24,19.2,32,,4913,,115,1.0,-0.7581389202735999,-0.4089496598244,-0.7583436774427998,,,,,,,,,-0.0002047571692315,-0.7620799973399999,gaussian_consistent,-0.1540604603892999,True,0.1666666666666999,19.9999999999992,8.306363988132998e-162,dense,ok,,2.810836076736,no_LG_run__dense_tier_only,enclosure_width; LG_discretisation_term
H3plus,4.0,"[-24,24]x[-19.2,19.2]^2",24,19.2,40,,9261,,115,1.0,-0.7592183268241999,-0.4133147494714999,-0.7593248830112999,,,,,,,,,-0.0001065561870655,-0.7620799973399999,gaussian_consistent,-0.1540604603892999,True,0.1666666666666999,19.9999999999992,8.306363988132998e-162,dense,ok,,7.968677997589,no_LG_run__dense_tier_only,enclosure_width; LG_discretisation_term
H3plus,4.0,"[-24,24]x[-19.2,19.2]^2",24,19.2,48,,15625,,115,1.0,-0.760448954582,-0.4139910698338,-0.7606081344819,,,,,,,,,-0.0001591798998947,-0.7620799973399999,gaussian_consistent,-0.1540604603892999,True,0.1666666666666999,19.9999999999992,8.306363988132998e-162,dense,ok,,22.70582699776,no_LG_run__dense_tier_only,enclosure_width; LG_discretisation_term
H3plus,4.0,"[-24,24]x[-19.2,19.2]^2",24,19.2,56,,24389,,115,1.0,-0.7611408196637999,-0.4144316896961,-0.7611668044091,,,,,,,,,-2.598474525728e-05,-0.7620799973399999,gaussian_consistent,-0.1540604603892999,True,0.1666666666666999,19.9999999999992,8.306363988132998e-162,dense,ok,,57.31087303162,no_LG_run__dense_tier_only,enclosure_width; LG_discretisation_term
H3plus,4.0,"[-24,24]x[-19.2,19.2]^2",24,19.2,64,,35937,,115,1.0,-0.7613019767401,-0.415091818958,-0.7613226608269,,,,,,,,,-2.068408676603e-05,-0.7620799973399999,gaussian_consistent,-0.1540604603892999,True,0.1666666666666999,19.9999999999992,8.306363988132998e-162,dense,ok,,138.6737289429,no_LG_run__dense_tier_only,enclosure_width; LG_discretisation_term
H3plus,4.0,"[-28,28]x[-22.4,22.4]^2",28,22.4,24,,2197,,134,1.0,-0.7451056516492,-0.4021640195123,-0.7466694841007,,,,,,,,,-0.001563832451546,-0.7620799973399999,gaussian_consistent,-0.1325381763847,True,0.1428571428570999,24.0000000000012,1.0944167657989999e-219,dense,ok,,1.474361896515,no_LG_run__dense_tier_only,enclosure_width; LG_discretisation_term
H3plus,4.0,"[-28,28]x[-22.4,22.4]^2",28,22.4,32,,4913,,134,1.0,-0.7558210293716,-0.4065542953674999,-0.7565149472366,,,,,,,,,-0.0006939178650467,-0.7620799973399999,gaussian_consistent,-0.1325381763847,True,0.1428571428570999,24.0000000000012,1.0944167657989999e-219,dense,ok,,2.953010082245,no_LG_run__dense_tier_only,enclosure_width; LG_discretisation_term
H3plus,4.0,"[-28,28]x[-22.4,22.4]^2",28,22.4,40,,9261,,134,1.0,-0.7585359071009,-0.410533143466,-0.7586623650378,,,,,,,,,-0.0001264579369379,-0.7620799973399999,gaussian_consistent,-0.1325381763847,True,0.1428571428570999,24.0000000000012,1.0944167657989999e-219,dense,ok,,7.81630897522,no_LG_run__dense_tier_only,enclosure_width; LG_discretisation_term
H3plus,4.0,"[-28,28]x[-22.4,22.4]^2",28,22.4,48,,15625,,134,1.0,-0.7593252610037,-0.4134655234629999,-0.7594272838096,,,,,,,,,-0.0001020228058859,-0.7620799973399999,gaussian_consistent,-0.1325381763847,True,0.1428571428570999,24.0000000000012,1.0944167657989999e-219,dense,ok,,23.07873487473,no_LG_run__dense_tier_only,enclosure_width; LG_discretisation_term
H3plus,4.0,"[-28,28]x[-22.4,22.4]^2",28,22.4,56,,24389,,134,1.0,-0.7604237504476,-0.4139825828879,-0.7605634027002,,,,,,,,,-0.0001396522525127,-0.7620799973399999,gaussian_consistent,-0.1325381763847,True,0.1428571428570999,24.0000000000012,1.0944167657989999e-219,dense,ok,,61.09130311012,no_LG_run__dense_tier_only,enclosure_width; LG_discretisation_term
H3plus,4.0,"[-28,28]x[-22.4,22.4]^2",28,22.4,64,,35937,,134,1.0,-0.7610991477945,-0.4143207638679999,-0.7611280054604,,,,,,,,,-2.885766592431e-05,-0.7620799973399999,gaussian_consistent,-0.1325381763847,True,0.1428571428570999,24.0000000000012,1.0944167657989999e-219,dense,ok,,139.154845953,no_LG_run__dense_tier_only,enclosure_width; LG_discretisation_term
